Question,Answer
When did Beyonce start becoming popular?,in the late 1990s
What areas did Beyonce compete in when she was growing up?,singing and dancing
When did Beyonce leave Destiny's Child and become a solo singer?,2003
In what city and state did Beyonce  grow up? ,"Houston, Texas"
In which decade did Beyonce become famous?,late 1990s
In what R&B group was she the lead singer?,Destiny's Child
What album made her a worldwide known artist?,Dangerously in Love
Who managed the Destiny's Child group?,Mathew Knowles
When did Beyoncé rise to fame?,late 1990s
What role did Beyoncé have in Destiny's Child?,lead singer
What was the first album Beyoncé released as a solo artist?,Dangerously in Love
When did Beyoncé release Dangerously in Love?,2003
How many Grammy awards did Beyoncé win for her first solo album?,five
What was Beyoncé's role in Destiny's Child?,lead singer
What was the name of Beyoncé's first solo album?,Dangerously in Love
"After her second solo album, what other entertainment venture did Beyonce explore?",acting
Which artist did Beyonce marry?,Jay Z
"To set the record for Grammys, how many did Beyonce win?",six
For what movie did Beyonce receive  her first Golden Globe nomination?,Dreamgirls
When did Beyonce take a hiatus in her career and take control of her management?,2010
Which album was darker in tone from her previous work?,Beyoncé
"After what movie portraying Etta James, did Beyonce create Sasha Fierce?",Cadillac Records
When did Destiny's Child end their group act?,Jun-05
What was the name of Beyoncé's second solo album?,B'Day
"What was Beyoncé's first acting job, in 2006?",Dreamgirls
Who is Beyoncé married to?,Jay Z
What is the name of Beyoncé's alter-ego?,Sasha Fierce
"In her music, what are some recurring elements in them?","love, relationships, and monogamy"
Time magazine named her one of the most 100 what people of the century?,influential
Which magazine declared her the most dominant woman musician?,Forbes
In which decade did the Recording Industry Association of America recognize Beyonce as the The Top Certified Artist?,2000s
What magazine rated Beyonce as the most powerful female musician in 2015?,Forbes
How did Beyonce describe herself as a feminist?,modern-day feminist
In which years did Time rate Beyonce in the 100 most influential people in the world?,2013 and 2014
How many records has Beyonce sold in her 19 year career?,118 million
How many records did Beyoncé sell as part of Destiny's Child?,60 million
"After leaving Destiny's Child, how many records did Beyoncé release under her own name?",118 million
How many Grammy awards has Beyoncé won?,20
What magazine named Beyoncé as the most powerful female musician for 2015?,Forbes
Beyonce's younger sibling also sang with her in what band?,Destiny's Child
Where did Beyonce get her name from?,her mother's maiden name
What race was Beyonce's father?,African-American
Beyonce's childhood home believed in what religion?,Methodist
Beyonce's father worked as a sales manager for what company?,Xerox
Beyonce's mother worked in what industry?,hairdresser and salon owner
What younger sister of Beyonce also appeared in Destiny's Child?,Solange
Beyonce is a descendent of what Arcadian leader?,Joseph Broussard
What company did Beyoncé's father work for when she was a child?,Xerox
What did Beyoncé's mother own when Beyoncé was a child?,salon
What is the name of Beyoncé's younger sister?,Solange
Beyoncé is a descendant of which Acadian leader?,Joseph Broussard.
Beyoncé was raised in what religion?,Methodist
What town did Beyonce go to school in?,Fredericksburg
Who was the first person to notice Beyonce's singing ability?,Darlette Johnson
Beyonce moved to which town after she left her first elementary school?,Houston
Which of her teachers discovered Beyonce's musical talent?,dance instructor Darlette Johnson
I which church was Beyonce  a member and soloist  in the choir?,St. John's United Methodist Church
What type of school was Parker Elementary School?,music magnet school
Which song did Beyonce sing to win a competition at age 7?,Imagine
What city was Beyoncé's elementary school located in?,Fredericksburg
What was the name of Beyoncé's first dance instructor?,Darlette Johnson
How old was Beyoncé when she won a school talent show?,seven
What choir did Beyoncé sing in for two years?,St. John's United Methodist Church
Who decided to place Beyonce's group in Star Search the talent show?,Arne Frager
"In 1995, who decided to manage the girls singing group?",Beyoncé's father
Who was the first record label to give the girls a record deal?,Elektra Records
Who brought Beyonce to California and enter her group in Star Search?,Arne Frager
In what year did Beyonce's father quit his job to manage her group?,1995
What large record company recorded Beyonce's group's first album?,Sony Music
What record company first signed Beyonce's group and later cut them?,Elektra Records
At what age did Beyonce meet LaTavia Robertson?,age eight
How old was Beyoncé when she met LaTavia Roberson?,eight
What was the name of the first group Beyoncé was a part of?,Girl's Tyme
Who placed Girl's Tyme in Star Search?,Arne Frager
When did Beyoncé begin to manage the girl group?,1995
"Who signed the girl group on October 5, 1995?",Dwayne Wiggins's Grass Roots Entertainment
Which film featured Destiny's Child's first major single?,Men in Black
"For which song, did Destiny's Child take home the grammy award for best R&B performance?","""Say My Name"""
"Who did Beyonce record with for the movie ""The Best Man?""",Marc Nelson
Beyonce's group changed their name to Destiny's Child in what year?,1996
The name Destiny's Child was based on a quote in which book of the Bible?,Book of Isaiah
"Debut song, ""Killing Time"" was featured on what movie's sound track?",Men in Black
What song won Best R&B Performance in the 43 Annual Grammy Awards?,Say My Name
"What singer did Beyonce record a song with for the movie, ''The Best Man""?",Marc Nelson
Where did Destiny's Child get their name from?,Book of Isaiah.
"Destiny's Child song, Killing Time, was included in which film's soundtrack?",Men in Black.
What was Destiny's Child's first major song hit?,"No, No, No"
When did Destiny's Child release their second album?,1999
"Who did Beyoncé sing a duet with for ""The Best Man"" film?",Marc Nelson
What mental health issue did Beyonce go through?,depression
What event occured after she was publicly criticized?,boyfriend left her
Who supported Beyonce through her depression?,her mother
What event caused Beyonce's depression?,split with Luckett and Rober
How long was Beyonce depressed?,a couple of years
Who helped Beyonce fight her depression the most?,her mother
Who replaced Luckett and Roberson in Destiny's Child?,Farrah Franklin and Michelle Williams.
Who was blamed for Luckett and Roberson leaving Destiny's Child?,Beyoncé
Who helped Beyoncé overcome her depression during the years following the Destiny's Child split?,her mother
Which newest member was removed from Destiny's Child?,Farrah Franklin
"""Charlie's Angels"" featured which single from the band members?",Independent Women Part I
"How many weeks did their single ""Independent Women Part I"" stay on top?",eleven
"For what network, did Beyonce land a major movie role in?",MTV
"Their third album, Survivor, sold how many during its first week?","663,000 copies"
What French composer wrote the original opera ''Carmen'' in the 19th century?,Georges Bizet
What album caused a lawsuit to be filed in 2001?,Survivor
Independent Women Part I was on which 2000 film's soundtrack?,Charlie's Angels.
Which film did Beyoncé star in 2001 with Mekhi Phifer?,Carmen: A Hip Hopera
What was the name of Destiny Child's third album?,Survivor
Who filed a lawsuit over Survivor?,Luckett and Roberson
When did Destiny's Child announce their hiatus?,Oct-01
"Who did Beyonce star with in the movie, ""Austin Powers in Goldmember""?",Mike Myers
"Which three countries did Beyonce's song ""Work It Out"" achieve top ten status?","UK, Norway, and Belgium"
Beyonce starred with Cuba Gooding Jr. in which film?,The Fighting Temptations
"Who did Beyonce record the lead single with in the movie ""The Fighting Temptations""?",Missy Elliott
Which other song from the soundtrack did better in the charts?,Summertime
What film did Beyonce appear in with Mike Myers?,Austin Powers in Goldmember
"What large amount did the movie ""Goldmember"" gross?",73 million
"What genre of movie did Beyonce star in with Cuba Gooding, Jr?",musical comedy
What song was the lead single from the film's sound track?,Fighting Temptations
"How did the critics view the movie, ''The Fighting Temptations''?",mixed reviews
What film did Beyoncé star in with Mike Myers in 2002?,Austin Powers in Goldmember
What was Beyoncé's character called in Austin Powers in Goldmember?,Foxxy Cleopatra
Which song did Beyoncé release as the lead single for Austin Powers in Goldmember's soundtrack?,Work It Out
"What musical comedy did Beyoncé star in along with Cuba Gooding, Jr. in 2003?",The Fighting Temptations
What song did Beyoncé release as the lead single from The Fighting Tempations?,Fighting Temptations
What was the highest Beyonce's first solo recording achieved in the Billboard Hot 100?,number four
Beyonce's first album by herself was called what?,Dangerously in Love
"How many has ""Dangerously in Love"" sould worldwide since its debut?",11 million
Beyonce's first number one song was which song?,Crazy in Love
How many top five singles came from her first album?,four
Beyonce's first solo album in the U.S. with what artist in the lead single?,Jay Z
What solo album did Beyonce release in 2003?,Dangerously in Love
" The album, Dangerously in Love  achieved what spot on the Billboard Top 100 chart?",number four
"""The Closer I get to You"" was recorded with which artist?",Luther Vandross
Which artist was associated with Beyoncé's premiere solo recording?,Jay Z
When did Beyoncé release her first solo album?,"June 24, 2003"
What is the lead single on Beyoncé's first album?,Crazy in Love
Who helped Beyoncé earn a Grammy award for Best R&B Performance by a Duo or Group at the 46th annual Grammy Awards?,Luther Vandross.
How many awards did Beyoncé win at the 46th Grammy's Awards?,five.
Destiny's Child's final album was named what?,Destiny Fulfilled
Destiny's Child got a star on the Hollywood Walk of Fame in what year?,2006
In what year did Beyonce embark on her Dangerously in Love tour of Europe?,Nov-03
What was the name of the final album of Destiny's Child?,Destiny Fulfilled
It was announced that Destiny's Child would  disban in what European city?,Barcelona
When did Destiny's Child get their star on the Hollywood Walk of Fame?,Mar-06
What was the name of Beyoncé's European start that started in November 2003?,Dangerously in Love Tour
Who did Beyoncé tour with for the Verizon Lades First Tour?,Missy Elliott and Alicia Keys
"What major event did Beyoncé perform at on February 1, 2004?",Super Bowl XXXVIII
What is the name of the final studio album from Destiny's Child?,Destiny Fulfilled.
How many albums did Beyonce sell in the first week when she released her second album?,"541,000"
The lead single from the album was which song?,Déjà Vu
"How many countries did her song ""Irreplaceable"" get number one status in?",five
How many singles did her second album produce?,five
What birthday did Beyonce's album B'Day celebrate?,twenty-fifth birthday
"What artist did Beyonce duet with in the single, ""Deja Vu''?",Jay Z
How high did ''Deja Vu'' climb on the Billboard chart?,top five
What is the name of Beyoncé's second album?,B'Day
How many copies did B'Day sell during the first week of its release?,"541,000"
"Who collaborated with Beyoncé on the single, Deja Vu?",Jay Z
Which single from B'Day was only released in the U.K.?,Green Light
What movie did Beyonce act in 2006?,The Pink Panther
Her second movie Beyonce did was what film?,Dreamgirls
"The single, ""Listen"" was featured in which movie?",Dreamgirls
Beyonce's first world tour was when?,2007
How much money did Beyonce's tour make in 2007?,24 million
How many millions of dollars did ''The Pink Panther'' gross world-wide?,158.8 million
What did Beyonce call her first concert tour?,The Beyoncé Experience
Who was Beyonce's duet with in ''Beautiful Liar''?,Shakira
Which film did Beyoncé star with Steve Martin in?,The Pink Panther
Beyoncé's role in Dreamgirls was based on what pop singer?,Diana Ross.
What was the lead single for the Dreamgirls soundtrack?,Listen
What was the name of Beyoncé's first international tour?,The Beyoncé Experience
What pop singer did a duet with Beyoncé on Beautiful Liar?,Shakira
Beyonce got married in 2008 to whom?,Jay Z
"Her third album, ""I am...Sasha Fierce"" was released when?","November 18, 2008"
"For which decade, did Beyonce have more top ten songs than any other woman?",2000s
Which singer beat out Beyonce for best video performance?,Taylor Swift
"In 2009, Beyonce started her second world tour and grossed how much money?",119.5 million
How did she reveal the marriage?,in a video montage
When did Beyonce begin her second world tour?,Mar-09
Who beat out Beyonce for Best Female Video ?,Taylor Swift
How much did the second world tour make in dollars?,119.5 million
When did Beyoncé get married?,"April 4, 2008"
Who did Beyoncé marry?,Jay Z.
Who is Beyoncé's alter ego?,Sasha Fierce
The video for what song won Beyoncé the 2009 MTV Video of the Year award?,Single Ladies
Which prominent star felt the 2009 Female Video of the Year award should have went to Beyoncé instead of Taylor Swift?,Kanye West
"Beyonce portrayed which character in the film, Cadillac Records?",Etta James
Beyonce gave her entire salary from Cadillac Records to which organization?,Phoenix House
Which song did Beyonce sing at the first couple's inaugural ball? ,At Last
"What genre of film was the movie, Obsessed, in which Beyonce starred in?",thriller
"A fight scene from the movie, Obsessed, won which award for Beyonce?",MTV Movie Award for Best Fight
Where did Beyonce donate her salary from the movie Cadillac Records?,Phoenix House
What thriller film did Beyonce star in?,Obsessed
What was the name of the woman she played in Obsessed?,Sharon Charles
How much more that the buget did the film gross?,60 million
Which singer did Beyoncé portray in Cadillac Records?,Etta James
Which organization received Beyoncé's entire Cadillac Records salary?,Phoenix House
"Where did Beyoncé perform on January 20, 2009?",the First Couple's first inaugural ball.
Which thriller film did Beyoncé star in with Ali Larter?,Obsessed.
How many awards was Beyonce nominated for at the 52nd Grammy Awards?,ten
Beyonce tied with which artist for most nominations by a female artist?,Lauryn Hill
"In 2010, Beyonce worked with which other famous singer?",Lady Gaga
"How many number one singles did Beyonce now have after the song ""Telephone""?",six
Beyonce tied who for most number one singles by a female?,Mariah Carey
Beyonce received how many nominations at the 52nd Annual Grammy Awards?,ten nominations
What song was the sixth first place song for Beyonce?,Telephone
Who else appeared with Beyonce in Telephone?,Lady Gaga
Who did they tie with for six top songs?,Mariah Carey
Who did Beyonce tie with for the most nominations in a year?,Lauryn Hill
How many nominations did Beyoncé receive at the 52nd Grammy Awards ceremony?,ten
Who did Beyoncé tie with for the most Grammy nominations for female artists?,Lauryn Hill
"Beyoncé was a featured artist on which singer's hit, Telephone?",Lady Gaga
Who did Beyoncé and Lady Gaga tie with for the most number one hits since 1992?,Mariah Carey
Beyonce would take a break from music in which year?,2010
Which year did Beyonce and her father part business ways?,2010
Which famous landmark did Beyonce see in China?,the Great Wall of China
In what year did Beyonce have her hiatus?,2010
Who inspired this hiatus?,her mother
When did she stop using her father as a manager?,During the break
How long did the hiatus last?,nine months
What did Beyoncé announce in January 2010?,a hiatus
Who suggested the hiatus for Beyoncé?,her mother
Who did Beyoncé part ways with during her hiatus?,her father
How long did her hiatus last?,nine months
In which year was reports about Beyonce performing for Muammar Gaddafi surface?,2011
Who did Beyonce donate the money to earned from her shows?,Clinton Bush Haiti Fund
Beyonce became the first female artist to perform solo in 20 years at which stage?,the 2011 Glastonbury Festival
Which organization did Beyonce's spokespeople confirm her donations to?,The Huffington Post
Beyonce was listed in 2011 as the highest paid performer per what?,minute
Hoe did everyone learn that Beyonce performed for Kaddafi?,documents obtained by WikiLeaks
When did this leak happen?,2011
Who did she tell about the donation?,The Huffington Post
Where did Beyonce perform in 2011?,Glastonbury Festival
Who did Beyoncé perform privately for in 2011?,Muammar Gaddafi.
Who released the information about Beyoncé's performance for the Libyan ruler?,WikiLeaks
Which organization did Beyoncé donate her pay for the private performance to?,Clinton Bush Haiti Fund.
Beyoncé was the first female singer to headline what at the 2011 Glastonbury Festival?,Pyramid stage
Beyonce's fourth album debuted in what year?,2011
Which single had the most success from that album?,Love on Top
Beyonce won an award for which activity in 2011?,writing
"in 2011, Beyonce performed for four nights where?",New York's Roseland Ballroom
When was Beyonce's forth album released?,"June 28, 2011"
How many copies did the album sell in its first week?,"310,000 copies"
Who awarded Beyonce and award for writing?,New York Association of Black Journalists
When did she perform at the Roseland ballroom?,2011
What is the name of Beyoncé's fourth studio album?,4
When was 4 released?,"June 28, 2011"
How many copies of 4 sold in the first week?,"310,000"
What magazine did Beyoncé write a story for about her earlier hiatus?,Essence
Where did Beyoncé perform for four nights of standing room only concerts in 2011?,New York's Roseland Ballroom
When did Beyonce have her first child?,"January 7, 2012"
Where did Beyonce give birth to her first child?,Lenox Hill Hospital
Beyonce's first child is named what?,Blue Ivy Carter
Her first appearance performing since giving birth was where?,Revel Atlantic City's Ovation Hall
When did Beyonce have her first child?,"January 7, 2012"
What was the child's name?,Blue Ivy Carter
How long was it after the birth of her child before she performed again?,Five months
How many nights did she perform at Atlantic City?,four nights
When did Beyoncé give birth to a daughter?,"January 7, 2012"
What did Beyoncé name her daughter?,Blue Ivy Carter
Where was Blue Ivy born?,Lenox Hill Hospital in New York.
Where was Beyoncé's first public performance after giving birth?,Revel Atlantic City's Ovation Hall
How many nights did Beyoncé play at the resort?,four
Destiny's Child released a compilation album about which topic?,romance
Beyonce's documentary movie was called what?,Life Is But a Dream
What did Beyonce sign in 2013?,global publishing agreement
"When did Destiny's Child release its album ""Love Songs""?",Jan-13
What was the title of the added track in Love Songs?,Nuclear
At whose inauguration did she perform the National Anthem?,President Obama
How many Tweets per minute did the half time show get?,"268,000 tweets per minute"
When did Destiny's Child release Love Songs?,Jan-13
What was the new track for Love Songs?,Nuclear
What did Beyoncé sing at President Obama's second inauguration?,the American national anthem
What event did Beyoncé perform at one month after Obama's inauguration? ,Super Bowl XLVII halftime show
What is the name of Beyoncé's documentary film?,Life Is But a Dream
"How many dates did Beyonce's ""The Mrs. Carter Show"" entail?",132
One of Beyonce's most successful tours yet was which one?,The Mrs. Carter Show
"Beyonce wrote which song for the movie ""Epic""?",Rise Up
Beyonce voiced a character in which animated film?,Epic
When did the tour begin?,Apr-15
Of what event was Beyonce honorary chair?,2013 Met Gala
What part did she voice for the movie Epic?,Queen Tara
What song did Beyonce record for the film Epic?,Rise Up
What was the name of Beyoncé's tour that she started on April 15?,The Mrs. Carter Show World Tour
How many dates did the Mrs. Carter Show World Tour have?,132
Which Amy Winehouse song did Beyoncé cover and release in May 2014?,Back to Black
Beyoncé was an honorary chair of the 2013 what?,Met Gala.
"Which character in the film, Epic, was voiced by Beyoncé?",Queen Tara
Where did Beyonce release her 5th album to a huge surprise?,the iTunes Store
When did Beyonce get her fifth consecutive number one hit album?,"December 13, 2013"
Where was the album released? ,the iTunes Store
Who joined Beyonce on her On The Run Tour?,Jay Z
Who reported Beyonce to e the top earning woman in music?,Forbes
How much more were her earnings that the year before?,more than double her earnings
When did Beyoncé release her fifth studio album?,"December 13, 2013"
How many digital copies of her fifth album did Beyoncé sell in six days?,one million
What song on Beyoncé's fifth studio album featured her husband?,Drunk in Love
What was the name of the tour featuring both Beyoncé and Jay Z?,On the Run Tour.
How many awards did Beyonce take home with her at the 57th Grammy Awards?,three
Which artist beat Beyonce out for Album of the year?,Beck
Which magazine did Beyonce pose on the cover for in August of 2015?,Vogue
Beyonce would perform with who at Superbowl 50?,Coldplay
Beyonce took home how many awards at the 57th Grammy Awards?,three
Beyonce lost to which artist for Album of the year?,Beck
Who did Beyonce perform next to during Superbowl 50?,Coldplay
"If Beyonce won three Grammies in 2015, how many was she nominated for?",six awards
On what magazine was she the cover model?,Vogue
Who would she perform with at Superbowl 50?,Coldplay
With what British band did Beyonce perform on their album?,Coldplay
How many awards was Beyoncé nominated for at the 57th annual Grammys?,six
How many awards did Beyoncé win at the 57th Annual Grammys?,three
Beyoncé lost the Album of the Year award to which entertainer?,Beck
"Which magazine did Beyoncé pose for the cover, making her the first black female artist to do so?",Vogue
Who did Beyonce perform with at Super Bowl 50?,Coldplay
"Beyonce released the song ""Formation"" on which online music service?",Tidal
Beyonce's new single released before the super bowl was called what?,Formation
"What day did Beyonce release her single, Formation?","February 6, 2016"
How was the single released?,exclusively
What was the name of the streaming service?,Tidal
What kind of platform was the song released?,music streaming
When did Beyoncé release Formation?,"February 6, 2016"
"Where did Beyoncé exclusively release her single, Formation?",Tidal
"As of April 2014, how many albums have Jay Z and Beyonce sold together?",300 million
Where did Beyonce become pregnant?,Paris
"Beyonce described what as the ""hardest thing she had to endure""?",miscarriage
Who did Beyonce have a relationship with?,Jay Z
When were Beyonce and Jay Z married?,"April 4, 2008"
Together how records have they sold ?,300 million
How did Beyonce deal with the miscarriage of her child?,wrote music
Where was Beyonce when she became pregnant?,Paris
"In which music video did Beyoncé star as Jay Z's girlfriend, creating speculation about their relationship?",'03 Bonnie & Clyde
When were Beyoncé and Jay Z married?,"April 4, 2008"
How many records combined have Beyoncé and Jay Z sold?,300 million
What did Beyoncé describe as the saddest thing in her life?,miscarriage
Where did Beyoncé get pregnant?,Paris.
Jay Z and Beyonce attended which event together in August of 2011?,MTV Video Music Awards
Beyonce confirmed what after performing one of her songs?,her pregnancy
How many people watched the 2011 MTV Music Awards?,12.4 million
Where did she announce her pregnancy?,2011 MTV Video Music Awards
Why was the broadcast the most-watched in history?,Her appearance
What even was recorded in the Guinness World Records?,most tweets per second
"What was the most searched term in week of Aug 29, 2011?",Beyonce pregnant
What song did she perform at the MTV Awards?,Love on Top
Where did Beyoncé announce her pregnancy?,2011 MTV Video Music Awards
What song did Beyoncé sing prior to announcing her pregnancy?,Love on Top
How many people watched the 2011 MTV Video Music Awards?,12.4 million
"What was the most searched term on Google for the week of August 29, 2011?",Beyonce pregnant
Jay Z has a website called what?,Lifeandtimes.com
Which song by Jay Z talked about the pregnancy struggles?,Glory
What was the name of Beyonce's daughter?,Blue Ivy Carter
At what hospital was the baby delivered?,Lenox Hill Hospital
What was the named of the song  dedicated to the child?,Glory
What does B.I.C. stand for?,Blue Ivy Carter
Who was credited for her cries on the song?,B.I.C.
When did Beyoncé give birth to her daughter?,"January 7, 2012"
What did Beyoncé and Jay Z name their daughter?,Blue Ivy Carter
What song did Jay Z release two days after Blue Ivy was born?,Glory
What is included at the end of Glory?,Blue Ivy's cries
How was Blue Ivy credited on Glory?,B.I.C.
Beyonce and Jay-Z went to a rally for the acquittal of whom?,George Zimmerman
Beyonce sang which song during the 2009 presidential inauguration?,America the Beautiful
How much did Beyonce raise for Obama at the 40/40 Club?,4 million
"What did she endorse on March 26, 2013?",same sex marriage
What did they attend in July 2013?,a rally
What did she sing at the 2009 Presidential Inauguration?,America the Beautiful
What song did Beyoncé perform at the 2009 inauguration of Obama?,America the Beautiful
What song did Beyoncé perform at the first inaugural dance for the Obamas.,At Last
What social media platform did Beyoncé upload a picture of her paper ballot on?,Tumblr
"When did Beyoncé endorse on March 26, 2013?",same sex marriage
Beyonce did an interview with which magazine and was asked about feminism?,Vogue
Beyonce supported which campaign that encourages leadership in girls?,Ban Bossy campaign
Where was Beyonce quoted as saying that she is a modern-day feminist?,Vogue
When did she say the she is a feminist?,Apr-13
What campaign did she contribute to?,Ban Bossy
What song did she release in 2013 in response to a speech?,Flawless
What does Ban Bossy encourage?,leadership in girls
"Beyoncé used words from which Nigerian author in her song, Flawless?",Chimamanda Ngozi Adichie
Which campaign does Beyoncé contribute to that encourages leadership in females?,Ban Bossy
Beyonce signed a letter with who in 2015?,the ONE Campaign
An important UN summit took place when?,Sep-15
The letter Beyonce signed focused on what issue?,women
What had to be set in developing funding?,priorities
When did Beyonce sign a letter for ONE Campaign?,2015
To whom was the letter addressed?,Angela Merkel and Nkosazana Dlamini-Zuma
Who are these women?,head of the G7 in Germany
When will they meet?,Sep-15
Who did Beyoncé sign a letter for in 2015?,the ONE Campaign
Who was the letter addressed to?,Angela Merkel and Nkosazana Dlamini-Zuma
What was Angela Merkel serving as in relation to the letter?,the head of the G7 in Germany
What did the letter want the two recipients to focus on?,women
Beyonce along with Jay Z met with whom's family after their death?,Freddie Gray
Beyonce with Jay Z gave lots of money to bail who out of prison?,protesters
Who's death caused this protest?,Freddie Gray
How much bail money did they spend?,thousands of dollars
Beyonce beat out which musical artists for most paid between June 2007 and June 2008?,Madonna and Celine Dion
Beyonce and Jay Z got a Guinness World record for what in 2009?,highest-earning power couple
Beyonce became the highest-paid black musician in which year?,2014
"Up until May of 2015, how much is Beyonce's total worth?",250 million
"Between 2008 and 2009, which entertainers did Beyonce beat in earnings?",Madonna and Celine Dion
In 2012 who placed Beyonce at 16 in the Celebrity List?,Forbes
When did she and Jay Z become the highest paid black celebrity couple?,2011
How much did she earn in 2014?,115 million
What is Beyonce's net worth in 2015?,250 million
"Who began reporting Beyoncé's annual earnings, starting in 2008?",Forbes
"When did Beyoncé become the highest paid black musician, ever?",April 2014.
Who predicted that Beyoncé would become the highest paid black entertainer?,MTV
When did Jay Z and Beyoncé become the first music couple worth over a billion dollars?,2013
Beyonce's range in singing is how many octaves?,four
who talked about Beyonce's tone and timbre as distinctive?,Jody Rosen
"Which critic called Beyonce's voice ""versatile""?",The Daily Mail
Which era was credited to have influenced Beyonce's singing style by Jody Rosen?,hip hop
How many octaves does Beyonce have?,four octaves
What did the Daily Mail say about Beyonce's voice?,versatile
What does Rosen claim influenced Beyonce's style?,hip hop
What do other critics claim?,praise her range and power
How many octaves does Beyoncé's voice span?,four
Why is Beyoncé known as the centerpiece of Destiny's Child?,Her vocal abilities
New York Times' Jon Pareles calls Beyoncé's voice velvety yet what?,tart
What does Jody Rosen say influenced Beyoncé's vocal style?,the hip hop era
Music from Beyonce is generally categorized as what genre?,R&B
"Besides R&B, which genres does Beyonce dabble in?","pop, soul and funk"
"Beyonce mostly releases English songs, but what other language did she release songs?",Spanish
Spanish songs Beyonce released were for what?,re-release of B'Day
Beyonce was coached for her Spanish songs by which American?,Rudy Perez
What kind of music does Beyonce do?,R&B
What language does she mainly sing?,English
What other language has she sung?,Spanish
What album did she re-release in Spanish?,B'Day
What style of music does Beyoncé usually perform?,R&B
What language did Beyoncé release several songs in?,Spanish
Who coached Beyoncé for her Spanish recordings?,Rudy Perez.
What album did the Spanish songs come from?,B'Day.
Beyonce does not create which aspect of her music?,beats
An example of a song aimed towards a male audience is what?,Cater 2 U
What theme was Beyonce's early music?,female-empowerment
With Jay Z what were her new themes?,man-tending anthems
What does she get credits for in her music?,co-producing credits
What part of production does she do?,melodies
Beyoncé's early recordings empowered who?,Women
"In addition to co-writing credits, Beyoncé also got what credits for most of her albums?",co-producing
"Rather than beats, what two things does Beyoncé usually come up with for producers?",melodies and ideas
Pop Songwriter of the Year award in 2001 was awarded to whom?,Beyoncé
Beyonce received the Pop Songwriter of the Year award at which event?,"American Society of Composers, Authors, and Publishers Pop Music Awards"
Beyonce has the same number of writing credits on number one singles as whom?,Diane Warren
Beyonce joined 2 other women on what list from Billboard magazine in 2011?,Top 20 Hot 100 Songwriters
When did Beyonce become the first African American woman to win Pop songwriter of the year?,2001
What place is she tied for in songwriting credits?,third
Who listed her at number 17 in their list of  Top 20 hot 100 Songwriters?,Billboard magazine
Where does she place in writing credits  for three number one songs?,third woman
"What did Beyoncé win in 2001, making her the first black woman to do so?",Pop Songwriter of the Year award
Who gave Beyoncé the Pop Songwriter of the Year award in 2001?,"the American Society of Composers, Authors, and Publishers Pop Music Awards."
"Beyoncé was one of how many women on Billboard magazine's 2011 ""Top 20 Hot 100 Songwriters"" list.",three
What number was Beyoncé on the Top 20 Hot 100 Songwriters list?,17
To whom did Beyonce credit as her major influence on her music?,Michael Jackson
How old was Beyonce when she went to her first Michael Jackson concert as a kid?,five
Beyonce gave a tribute award to who in 2006?,Michael Jackson
Beyonce cites Mariah Carey to making her want to start doing what?,vocal runs
Who influenced Beyonce?,Michael Jackson
What song by Mariah Carey influenced her?,Vision of Love
Who is Beyoncé's biggest musical influence?,Michael Jackson
What was Beyoncé's first concert?,Michael Jackson
Who does Beyoncé feel is an all-around entertainer?,Diana Ross
"Who does she credit for the inspiration to ""get up there and do what she did""?",Whitney Houston
What song caused Beyoncé to practice runs as a child?,Vision of Love
What themes were influenced by her acting role in Dreamgirls?,feminism and female empowerment
"Which singer did Beyonce honor by entertaining with her song ""Deja Vu""?",Josephine Baker
Who motivated Beyonce to explore other areas of music?,Etta James
What movie influenced Beyonce towards empowerment themes? ,Dreamgirls
How did Etta James influence her?,boldness
Where did she perform wearing Baker's hula skirt?,2006 Fashion Rocks concert
What singer inspired Beyoncé's B'Day album?,Josephine Baker.
What song did Beyoncé sing at a 2006 concert to honor Josephine Baker?,Déjà Vu
"Beyonce has noted which first lady with saying ""She proves you can do it all""?",Michelle Obama
Which month and year did Beyonce credit Madonna for inspiring her to take control of her career?,Feb-13
"Beyonce has said that who embodies the ""definition of inspiration and a strong woman""?",Oprah Winfrey
Who personally influences Beyonce?,Michelle Obama
Hoe does she describe Oprah Winfrey?,a strong woman
How does she describe Jean- Michel Basquiat?,lyrical and raw
How does Madonna influence her?,to take control of her own career
How does she describe Jay Z?,continuing inspiration
"Who inspires Beyoncé because ""she does it all?""",First Lady Michelle Obama
Who does Beyoncé describe as the definition of inspiration?,Oprah Winfrey
Who does Beyoncé describe as lyrical and raw?,Jean-Michel Basquiat
Who inspired Beyoncé to take control of her career?,Madonna
Beyonce had an all-female tour band whose name was what?,Suga Mama
Beyonce had singers in the background known by the name as?,The Mamas
The Mamas members included which 3 musicians?,"Montina Cooper-Donnell, Crystal Collins and Tiffany Moniqué Riddick"
The Mamas first appearance was when?,2006
What band did Beyonce introduce in 2006?,Suga Mama
What song name does the band Suga Mama  and a song on the B'Day album share?,Suga Mama
Where did Suga Mama band make their first appearance?,2006 BET Awards
What band supports Beyonce in her tours?,Suga Mama
What is the name of Beyoncé's female tour band?,Suga Mama
Suga Mama is also a song on which Beyoncé album?,B'Day
What are Beyoncé's backup singers called?,The Mamas
When did The Mamas make their debut?,the 2006 BET Awards
What characteristics has Beyonce received acclaim for?,stage presence and voice
Which former president of Def Jam called Beyonce the greatest entertainer alive?,L.A. Reid
For what does Beyonce receive praise?,stage presence
Who chose her as number one on his list of Best singers/ Dancers?,Jarett Wieselman
How has L.A. Reid described her?,greatest entertainer alive
How does Alice Jones describe her?,she's almost too good
Who has Beyoncé at number one on her Five Best Singer/Dancers?,Jarett Wieselman
Who has said that Beyoncé is the best entertainer alive?,L.A. Reid
Beyonce self proclaimed alter ego is named what?,Sasha Fierce
Her alter ego was born when according to Beyonce?,"making of ""Crazy in Love"""
What year did Beyonce do away with Sasha Fierce?,2010
Beyonce brought back Sasha Fierce during which event?,Revel Presents: Beyoncé Live
How does she describe Sasha?,"too aggressive, too strong"
Later what did she say about Sasha?,she would bring her back
What is the name of Beyoncé's alter ego?,Sasha Fierce.
When did Beyoncé introduce Sasha Fierce?,2008
Sasha Fierce was created during the making of what song?,Crazy in Love
Who did Beyoncé tell in February 2010 that Sasha Fierce was no longer needed?,Allure magazine
Beyonce's sex appeal is characterized as what?,wide-ranging
"Which music journalist described Beyonce as a ""crossover sex symbol?""",Touré
Which word spawned from a term used to describe Beyonce in 2006?,Bootylicious
Bootylicious was a song from which act that Beyonce performed with?,Destiny's Child
Oxford Dictionary added which word from the 2000s dedicated to Beyonce?,Bootylicious
What word is often used to describe Beyonce/,Bootylicious
When was the term added to the dictionary?,2006
"What journalist wrote that Beyoncé was a ""sex symbol""?",Touré
"Because of Beyoncé's physical shape, what slang term has been used to describe her?",Bootylicious
In what year was the slang term from a title of a Destiny's Child song that is also used to describe Beyoncé put in the dictionary?,2006
How does Beyoncé say she likes to dress off-stage?,sexily
"in September 2010, what career area did Beyonce start exploring?",modelling
Beyonce's first modelling event was at where?,Tom Ford's Spring/Summer 2011 fashion show
"""World's Most Beautiful woman"" was declared to Beyonce by which national magazine?",People
Which month and year did GQ feature Beyonce on its cover?,Jan-13
What TV network listed Beyonce as number 1 on its 100 Sexiest Artists list?,VH1
Who called Beyonce the World's most Beautiful Woman?,People
Who called her Hottest Female Singer of all Time?,Complex
When did she appear on the cover of GQ?,2013
VH1 listed her at what number on their 100 Sexiest Artists list?,number 1
What year did Beyoncé first model for Tom Ford?,2010
"What magazine said Beyoncé was the ""World's Most Beautiful Woman""?",People
What title did Complex award Beyoncé?,Hottest Female Singer of All Time
What museum has made several models of Beyoncé in wax?,Madame Tussauds Wax Museums
Which parent of Beyonce's help co-write a book?,Her mother
Which African-American woman before Beyonce had posed for SI Swimsuit issue?,Tyra Banks
What was the title of Beyonce's mother's book?,Destiny's Style
When was she on the Sports Illustrated cover?,2007
Who was she the second  African American on the cover after?,Tyra Banks
"Beyoncé was the second African American woman featured as a swimsuit cover on the magazine, who was first?",Tyra Banks
"What magazine said Beyoncé was the ""best-dressed celebrity""?",People
Beyonce has a fan base that is referred to as what?,The Bey Hive
"Before the Bey Hive, fans of Beyonce were called what?",The Beyontourage
Which social media company proclaimed Beyonce fans are know as the Bey Hive?,Twitter
What is Beyonce's fan base called?,Bey Hive
What did the fans used to be called?,Beyontourage
What is the latest term used to describe Beyoncé fans?,Bey Hive
What was the former word given to Beyoncé fans?,Beyontourage
"What word does ""Bey Hive"" derive from?",beehive
Beyonce has a clothing line known as what?,House of Deréon
Which French magazine did Beyonce show up on the cover of?,L'Officiel
Beyonce was seen wearing what on the french magazine that caused controversy?,blackface and tribal makeup
Which year did PETA spark controversy with Beyonce?,2006
What did PETA criticize Beyonce for in 2006?,for wearing and using fur
What French Magazine cover did the media criticize?,L'Officiel
How was she dressed on the cover of L'Officiel?,in blackface and tribal makeup
What French magazine did Beyoncé appear in wearing blackface and tribal makeup?,L'Officiel
What clothing line of Beyoncé drew PETA criticism?,House of Deréon.
What type of magazine is L'Officiel?,French fashion magazine
Which racial community gave criticism to Beyonce?,African-American
Which professor from Northeastern University wrote about how race correlates with these criticisms of Beyonce?,Emmett Price
Which company was accused of coloring Beyonce's hair?,L'Oréal
What did Vogue request?,natural pictures be used
How did L'Oreal respond to accusations of changing pictures?,it is categorically untrue
"In addition to her light skin color, what else has made part of the African American community criticize Beyoncé?",costuming
"In 2007, which music professor said he believes this criticism does involve race as well?",Emmett Price
Who was accused of lightening Beyoncé's skin for an advertisement?,L'Oréal
What advertisement was Beyoncé's skin supposedly lightened in?,Feria hair color advertisements
Who did Beyoncé tell in 2013 to only use natural pictures of her rather than retouched images?,H&M
Artist of the Decade was bestowed upon Beyonce from which magazine?,The Guardian
Whats the first year that Beyonce appear on the Time 100 list?,2013
Beyonce than appeared again on the Time 100 list in what year?,2014
What did the Guardian name her?,Artist of the Decade
When did Beyonce first make the Time 100 List?,2013
When was she again on the Time 100 List and on the cover?,2014
Who said that she is the reigning national voice?,Baz Luhrmann
Who stated that Beyoncé is the most important musician of the 21st century?,Jody Rosen
Which publication named Beyoncé the Artist of the Decade?,The Guardian
What list did Beyoncé make in 2013?,Time 100 list
Who said Beyoncé is the heir-apparent diva of the United States?,Baz Luhrmann
What year was Beyoncé featured both on the Time 100 list as well as the cover of the issue?,2014
Which rock band cited Beyonce on their third album?,White Rabbits
"Which friend learned from Beyonce while preparing for the film, ""Country Strong?""",Gwyneth Paltrow
Nicky Minaj became a spokesperson for which brand of soda after seeing Beyonce involved with it?,Pepsi
What influenced Nicki Minaj to join the Pepsi global campaign?,Beyoncé's Pepsi commercial
Which band listed Beyonce as an inspiration on their latest album?,White Rabbits
What about Beyonce has influenced many entertainers?,work
For what film was Paltrow studying Beyonce ?,Country Strong
Which Indie band said Beyoncé was an inspiration for one of hteir albums?,White Rabbits
What was the name of the White Rabbits' album?,Milk Famous
Who studied Beyoncé during live concerts for research for a film's music role?,Gwyneth Paltrow
What was the name of the film that Gwyneth Paltrow starred in as a musician?,Country Strong.
Beyoncé's Pepsi commercial inspired which star to join Pepsi's global campaign in 2012?,Nicki Minaj
"VH1 declared what song the ""Greatest song of the 2000s?""",Crazy in Love
"How many Grammy awards did ""Crazy in Love"" win?",two
How many did Crazy in Love sell to become one of the greatest selling singles in history?,8 million
What type of organism was named after Beyonce in 2012?,fly
A place for Beyonce in the Rock and Roll Hall of fame was awarded when?,Jul-14
Which of Beyonce's songs was called Greatest Song of the 2000s?,Crazy in Love
How many Grammy awards did Crazy in Love get?,earned two Grammy Awards
How many copies did Crazy in Love sell?,around 8 million copies
Who released the single Girls Love Beyonce?,Drake
Which publication considers Crazy in Love to be one of the top 500 songs of all time?,Rolling Stone
"Who sang ""Girls Love Beyoncé"" in 2013?",Drake
What did Bryan Lessard name after Beyoncé?,a species of horse fly
How many copies of her albums as Beyonce sold in the US?,15 million
"Totaling worldwide, how many records as Beyonce sold?",118 million
How many certifications was Beyonce awarded by the RIAA?,64
"When Beyonce was with Destiny's Child, how many albums did she manage to sell?",60 million
Who was the first female to achieve the International Artist Award at the American Music Awards?,Beyoncé
How many albums has Beyonce as a solo artist sold in the U.S?,15 million
How many has she sold worldwide?,118 million
How many records has she sold with Destiny's Child?,60 million
When did she receive the Legend Award?,2008 World Music Awards
How many music certifications has she received in the 2000s?,64 certifications
How many records has Beyoncé sold in the United States?,over 15 million
How many records has Beyoncé sold throughout the world?,over 118 million
Who cited Beyoncé as being the top certified artist of the 2000s?,The Recording Industry Association of America
How many certifications did RIAA give Beyoncé?,64
When did Beyoncé receive the Legend Award?,the 2008 World Music Awards
How many Grammys has Beyonce won total with and without Destiny's Child?,20
Who is the only other woman with more Grammy awards than Beyonce?,Alison Krauss
Beyonce has been awarded how many Grammy nominations?,52
Beyonce holds the record for how many wins in one night by a female?,six
How many awards at the Broadcast Film Critics Association Awards in 2006 did Beyonce bring home?,two
How many Grammies has Beyonce won?,20 Grammy Awards
How many Grammy nominations does Beyonce have?,52 nominations
When did she set the record for most Grammy awards won in one night?,2010
Who tied her record for most Grammies won in one night in 2012?,Adele
How many Grammys has Beyoncé won?,20
How many Grammy nominations has Beyoncé had?,52
What Beyoncé song was song of the year on 2010?,"""Single Ladies (Put a Ring on It)"""
What movie had Beyoncé nominated as Best Actress for Golden Globe Awards?,Dreamgirls
Which soda company has Beyonce partnered with since 2002?,Pepsi
Pepsi paid Beyonce how much in 2012 for her endorsement?,50 million
Which organization wrote a letter to Beyonce after her Pepsi endorsement deal?,The Center for Science in the Public Interest (CSPINET)
What percentage of people were positive about Beyonce's endorsement of Pepsi?,70
When did Beyonce begin doing Pepsi advetisments?,2002
Who was in the commercial with Beyonce in 2004?,"Britney Spears, Pink, and Enrique Iglesias"
What did she agree to do for 50 million dollars in 2012?,endorse Pepsi
Who sent her a letter asking that she reconsider the Pepsi deal?,Center for Science in the Public Interest
What soft drink company has Beyoncé worked with since 2002?,Pepsi
How much did Beyoncé get for a deal with a soft drink company in 2012?,$50 million
Who asked her to change her mind about the soft drink deal due to the nature of the product?,The Center for Science in the Public Interest (CSPINET)
What organization discovered that the advertisements Beyoncé did for the soft drink company were 70% positive?,NetBase
"Beyonce worked with who on her perfumes, True Star and True Star Gold?",Tommy Hilfiger
The world's best selling celebrity perfume line belongs to whom?,Beyoncé
Beyonce's first fragrance had what name?,Heat
The Mrs. Carter Show Limited Edition was released in what year?,2013
How much money did The Mrs. Carter Show Limited Edition fragrance make?,400 million
What was Beyonce's 2010  perfume called?,Heat
"When was her second perfume, Heat Rush, released?",2011
What was Beyonce's third perfume named?,Pulse
How many editions of Heat have been launched?,six editions
Which Emporio Armani fragrance did Beyoncé promote in 2007?,Diamonds
What year did Beyoncé introduce her first fragrance?,2010
What was Beyoncé's first fragrance called?,Heat
How many editions of Heat exist?,six
How young was Beyonce when she acquired deals from American Express and L'Oreal?,18
What was the name of the video game that was cancelled for Beyonce?,Starpower: Beyoncé
When did Beyonce begin her deals with name brands?,since the age of 18
How many people lost jobs when Beyonce left the video game deal?,70 staff
How was the suit settled?,out of court
What was the name of the video game?,Starpower: Beyoncé
What video game did Beyoncé back out of?,Starpower: Beyoncé
What company was producing the video game?,GateFive
How many people lost their jobs over Beyoncé backing out of the deal?,70
When was the disagreement settled out of court?,Jun-13
Who did Bayonce's management go into business with in 2014?,fashion retailer Topshop
"After their agreement together, Beyonce's and Topshop"" new business was called what?",Parkwood Topshop Athletic Ltd
What type of clothing does Parkwood Topshop Athletic Ltd produce?,activewear
The company and products were set to be in stores when?,fall of 2015
Who did Beyonce partner with in London?,Topshop
When will the new line launch?,2015
What is the name of Beyoncé's management company?,Parkwood Entertainment
Who did Beyoncé and Parkwood Entertainment partner with in October 2014?,Topshop
Where is Topshop located?,London
What was the new division of Topshop because of the partnership?,activewear
"When was it discovered Beyonce was a co-owner of the music service, Tidal?","March 30, 2015"
The parent company of Tidal became under the ownership of whom in 2015?,Jay Z
When was it announced that Beyonce was  a co-owner in Tidal?,"March 30, 2015"
What kind of service is Tidal?,music streaming service
What is a criticism of other streaming services?,low payout of royalties
What music streaming system is Beyoncé part owner of?,Tidal.
What is the parent company of the music service Beyoncé owns part of?,Aspiro
Who acquired the parent company of the music service Beyoncé owns part of?,Jay Z
What music service is accused of providing low royalty amounts?,Spotify
House of Dereon became known through Beyonce and which of Beyonce's relatives?,her mother
Beyonce's grandma's name was?,Agnèz Deréon
Beyonce's family's company name is what?,Beyond Productions
What types of garments are sold by Beyonce's clothing line?,"sportswear, denim offerings with fur, outerwear and accessories that include handbags and footwear"
Which two countries can you purchase Beyonce's clothing line?,US and Canada
"Who partnered with Beyonce to start the clothing line, Dereon?",her mother
When did Beyonce and her mother start Dereon?,2005
Who was the business named for in Beyonce's family?,"grandmother, Agnèz Deréon"
Where were items from the clothing line displayed?,in Destiny's Child's shows and tours
Who shares in the House of Deréon fashion line introduction with Beyoncé?,her mother
What is the name of the House of Deréon junior collection?,Deréon.
What type of accessory company did Beyonce partner with in 2005?,shoe
"In 2010, Beyonce released Dereon to what country?",Brazil
Back-to-school shopping was introduced in what year of Beyonce's clothing line?,2009
What did Beyonce's Fashion Diva  feature?,House of Deréon collection
What new idea did Beyonce and her mother launch in 2009?,Sasha Fierce for Deréon
When did Beyonce partner with C&A to sell fashion in Brazil?,"May 27, 2010"
What company did Beyoncé get together with in 2005 to add shoes to her fashions?,House of Brands
What was the name of the game put out by Starwave Mobile in 2008 that featured Beyoncé fashions?,Beyoncé Fashion Diva
What was the name of the junior fashions launched in 2009 by Beyoncé and her mother?,Sasha Fierce for Deréon
Who did Beyoncé team up with in 2010 to get her fashions into Brazil?,C&A
Sasha Fierce for Deréon fashions were sold at stores that included Macy's and what other store?,Dillard's
"Beyonce, during October 2014, partnered with whom to produce an outdoor line of clothing?",Topshop
Beyonce and Topshops first products were to be sold in stores when?,autumn 2015
What is the new business called?,Parkwood Topshop Athletic Ltd
What is Beyonce's percentage of ownership in the new venture?,50
When will the full line appear?,Apr-16
What company did Beyoncé contract with to sell clothing in England?,Topshop
What is the name of the equal partnership's fashion line between Beyoncé and the British company to come out in 2016?,Parkwood Topshop Athletic Ltd
What type of clothing does the British partnership with Beyoncé sell?,activewear
What national disaster caused Beyonce to create the Survivor Foundation?,Hurricane Katrina
"How much cash did Beyonce put into the venture, the Survivor Foundation at startup?","250,000"
What hurricane years later after Katrina did the organization provide support for?,Ike
What did Beyonce and Rowland found in 2005?,the Survivor Foundation
How much did Beyonce initially contribute to the foundation?,"$250,000"
How has this foundation changed in recent years?,expanded to work with other charities
What foundation did Beyoncé start after Hurricane Katrina?,Survivor Foundation
How much money did Beyoncé contribute at the beginning of her Hurricane Katrina foundation?,"$250,000."
What other hurricane did Beyoncé's foundation help with?,Hurricane Ike
Who did Beyonce participate with in the Hope for Haiti Now: A Global Benefit?,George Clooney and Wyclef Jean
Beyonce opened a cosmetology center in what location?,Brooklyn Phoenix House
"After Osama Bin Laden's death, what single did Beyonce cover?",God Bless the USA
How much did the T-shirt with Beyonce's image on it make? ,$1 million
"What enterprise did Beyonce and her mother start on March 5, 2010?",Beyoncé Cosmetology Center at the Brooklyn Phoenix House
"What charity benefited from  the release of the song, God Bless the USA?",New York Police and Fire Widows' and Children's Benefit Fund
What did she participate in with George Clooney?,Hope for Haiti Now: A Global Benefit
Which two stars did Beyoncé help with their Haiti Earthquake organization?,George Clooney and Wyclef Jean
What did Beyoncé open at the Brooklyn Phoenix House in 2010?,Beyoncé Cosmetology Center
What Lee Greenwood song did Beyoncé cover after Osama bin Laden was killed?,God Bless the USA
"Which national event caused Beyonce to produce ""Demand a Plan?""",Sandy Hook Elementary School shooting
What song did Beyonce contribute to the campaign?,I Was Here
Beyonce is contributing to which food-donation campaign?,Miss a Meal
"On June 1 , 2013 where was the concert held for ""a Chime for Change""?",London
"Beyonce was speaking about whom when she said her gift was ""finding the best qualities in every human being.""?",her mother
The Demand a Plan video campaign followed what tragic event?,Sandy Hook Elementary School shooting.
What was the focus of the Gucci Chime for Change campaign?,spread female empowerment
What crowdfunding platform was used in the concert?,Catapult
What is the name of the campaign that Beyoncé and others are involved in that deals with gun control?,Demand A Plan
What school shooting prompted the creation of Demand A Plan?,Sandy Hook Elementary School
What song did Beyoncé donate to the 2012 World Humanitarian Day campaign?,I Was Here
Who did Beyoncé work with in 2013 on the Chime for Change campaign?,Salma Hayek and Frida Giannini
